query,query_ar_localized,source_export,clicks,impressions,ctr,position
الاسبوع١٣ من الحمل اي شهر,(already Arabic),unfiltered,0,1,0%,8
تسع اسابيع كم شهر,(already Arabic),unfiltered,0,1,0%,43
علامات الولادة المبكرة في الشهر الثامن,(already Arabic),unfiltered,0,1,0%,72
when are you supposed to go to the hospital for labor,امتى المفروض تروحي المستشفى وقت المخاض؟,unfiltered,0,1,0%,89
hospital bag checklist for dad,قائمة حقيبة المستشفى للأب,unfiltered,0,1,0%,93
when should u go to hospital in labour,امتى تروحي المستشفى وقت المخاض؟,unfiltered,0,1,0%,94
when should i go to hospital in labour,امتى أروح المستشفى وقت المخاض؟,unfiltered,0,1,0%,95
when should you go to hospital in labour,امتى تروحي المستشفى وقت المخاض؟,unfiltered,0,1,0%,97
weeks 7 months pregnant,الأسبوع كام يعادل كام شهر في الحمل؟,unfiltered,0,1,0%,98
contractions labor when to go to hospital,انقباضات المخاض: امتى أروح المستشفى؟,unfiltered,0,1,0%,100
dad hospital bag checklist,قائمة حقيبة المستشفى للأب,unfiltered,0,1,0%,100
signs of labour 37 weeks,علامات المخاض في الأسبوع ٣٧,unfiltered,0,1,0%,100
